C:/Users/alexp/OneDrive/Desktop/signs_script/img/00_000.jpg,0
C:/Users/alexp/OneDrive/Desktop/signs_script/img/00_001.jpg,0
C:/Users/alexp/OneDrive/Desktop/signs_script/img/00_002.jpg,0
C:/Users/alexp/OneDrive/Desktop/signs_script/img/00_003.jpg,0
C:/Users/alexp/OneDrive/Desktop/signs_script/img/00_004.jpg,0
C:/Users/alexp/OneDrive/Desktop/signs_script/img/00_005.jpg,0
C:/Users/alexp/OneDrive/Desktop/signs_script/img/00_006.jpg,0
C:/Users/alexp/OneDrive/Desktop/signs_script/img/00_007.jpg,0
C:/Users/alexp/OneDrive/Desktop/signs_script/img/00_008.jpg,0
C:/Users/alexp/OneDrive/Desktop/signs_script/img/00_009.jpg,0
C:/Users/alexp/OneDrive/Desktop/signs_script/img/00_010.jpg,0
C:/Users/alexp/OneDrive/Desktop/signs_script/img/00_011.jpg,0
C:/Users/alexp/OneDrive/Desktop/signs_script/img/00_012.jpg,0
C:/Users/alexp/OneDrive/Desktop/signs_script/img/00_013.jpg,0
C:/Users/alexp/OneDrive/Desktop/signs_script/img/00_014.jpg,0
C:/Users/alexp/OneDrive/Desktop/signs_script/img/00_015.jpg,0
C:/Users/alexp/OneDrive/Desktop/signs_script/img/00_016.jpg,0
C:/Users/alexp/OneDrive/Desktop/signs_script/img/00_017.jpg,0
C:/Users/alexp/OneDrive/Desktop/signs_script/img/00_018.jpg,0
C:/Users/alexp/OneDrive/Desktop/signs_script/img/00_019.jpg,0
C:/Users/alexp/OneDrive/Desktop/signs_script/img/00_020.jpg,0
C:/Users/alexp/OneDrive/Desktop/signs_script/img/00_021.jpg,0
C:/Users/alexp/OneDrive/Desktop/signs_script/img/00_022.jpg,0
C:/Users/alexp/OneDrive/Desktop/signs_script/img/00_023.jpg,0
C:/Users/alexp/OneDrive/Desktop/signs_script/img/00_024.jpg,0
C:/Users/alexp/OneDrive/Desktop/signs_script/img/00_025.jpg,0
C:/Users/alexp/OneDrive/Desktop/signs_script/img/00_026.jpg,0
C:/Users/alexp/OneDrive/Desktop/signs_script/img/00_027.jpg,0
C:/Users/alexp/OneDrive/Desktop/signs_script/img/00_028.jpg,0
C:/Users/alexp/OneDrive/Desktop/signs_script/img/00_029.jpg,0
C:/Users/alexp/OneDrive/Desktop/signs_script/img/00_030.jpg,0
C:/Users/alexp/OneDrive/Desktop/signs_script/img/00_031.jpg,0
C:/Users/alexp/OneDrive/Desktop/signs_script/img/00_032.jpg,0
C:/Users/alexp/OneDrive/Desktop/signs_script/img/00_033.jpg,0
C:/Users/alexp/OneDrive/Desktop/signs_script/img/00_034.jpg,0
C:/Users/alexp/OneDrive/Desktop/signs_script/img/00_035.jpg,0
C:/Users/alexp/OneDrive/Desktop/signs_script/img/00_036.jpg,0
C:/Users/alexp/OneDrive/Desktop/signs_script/img/00_037.jpg,0
C:/Users/alexp/OneDrive/Desktop/signs_script/img/00_038.jpg,0
C:/Users/alexp/OneDrive/Desktop/signs_script/img/00_039.jpg,0
C:/Users/alexp/OneDrive/Desktop/signs_script/img/00_040.jpg,0
C:/Users/alexp/OneDrive/Desktop/signs_script/img/00_041.jpg,0
C:/Users/alexp/OneDrive/Desktop/signs_script/img/00_042.jpg,0
C:/Users/alexp/OneDrive/Desktop/signs_script/img/00_043.jpg,0
C:/Users/alexp/OneDrive/Desktop/signs_script/img/00_044.jpg,0
C:/Users/alexp/OneDrive/Desktop/signs_script/img/00_045.jpg,0
C:/Users/alexp/OneDrive/Desktop/signs_script/img/00_046.jpg,0
C:/Users/alexp/OneDrive/Desktop/signs_script/img/00_047.jpg,0
C:/Users/alexp/OneDrive/Desktop/signs_script/img/00_048.jpg,0
C:/Users/alexp/OneDrive/Desktop/signs_script/img/00_049.jpg,0
C:/Users/alexp/OneDrive/Desktop/signs_script/img/00_050.jpg,0
C:/Users/alexp/OneDrive/Desktop/signs_script/img/00_051.jpg,0
C:/Users/alexp/OneDrive/Desktop/signs_script/img/00_052.jpg,0
C:/Users/alexp/OneDrive/Desktop/signs_script/img/00_053.jpg,0
C:/Users/alexp/OneDrive/Desktop/signs_script/img/00_054.jpg,0
C:/Users/alexp/OneDrive/Desktop/signs_script/img/00_055.jpg,0
C:/Users/alexp/OneDrive/Desktop/signs_script/img/00_056.jpg,0
C:/Users/alexp/OneDrive/Desktop/signs_script/img/00_057.jpg,0
C:/Users/alexp/OneDrive/Desktop/signs_script/img/00_058.jpg,0
C:/Users/alexp/OneDrive/Desktop/signs_script/img/00_059.jpg,0
C:/Users/alexp/OneDrive/Desktop/signs_script/img/00_060.jpg,0
C:/Users/alexp/OneDrive/Desktop/signs_script/img/00_061.jpg,0
C:/Users/alexp/OneDrive/Desktop/signs_script/img/00_062.jpg,0
C:/Users/alexp/OneDrive/Desktop/signs_script/img/00_063.jpg,0
C:/Users/alexp/OneDrive/Desktop/signs_script/img/00_064.jpg,0
C:/Users/alexp/OneDrive/Desktop/signs_script/img/00_065.jpg,0
C:/Users/alexp/OneDrive/Desktop/signs_script/img/00_066.jpg,0
C:/Users/alexp/OneDrive/Desktop/signs_script/img/00_067.jpg,0
C:/Users/alexp/OneDrive/Desktop/signs_script/img/00_068.jpg,0
C:/Users/alexp/OneDrive/Desktop/signs_script/img/00_069.jpg,0
C:/Users/alexp/OneDrive/Desktop/signs_script/img/00_070.jpg,0
C:/Users/alexp/OneDrive/Desktop/signs_script/img/00_071.jpg,0
C:/Users/alexp/OneDrive/Desktop/signs_script/img/00_072.jpg,0
C:/Users/alexp/OneDrive/Desktop/signs_script/img/00_073.jpg,0
C:/Users/alexp/OneDrive/Desktop/signs_script/img/00_074.jpg,0
C:/Users/alexp/OneDrive/Desktop/signs_script/img/00_075.jpg,0
C:/Users/alexp/OneDrive/Desktop/signs_script/img/00_076.jpg,0
C:/Users/alexp/OneDrive/Desktop/signs_script/img/00_077.jpg,0
C:/Users/alexp/OneDrive/Desktop/signs_script/img/00_078.jpg,0
C:/Users/alexp/OneDrive/Desktop/signs_script/img/00_079.jpg,0
C:/Users/alexp/OneDrive/Desktop/signs_script/img/00_080.jpg,0
C:/Users/alexp/OneDrive/Desktop/signs_script/img/00_081.jpg,0
C:/Users/alexp/OneDrive/Desktop/signs_script/img/00_082.jpg,0
C:/Users/alexp/OneDrive/Desktop/signs_script/img/00_083.jpg,0
C:/Users/alexp/OneDrive/Desktop/signs_script/img/00_084.jpg,0
C:/Users/alexp/OneDrive/Desktop/signs_script/img/00_085.jpg,0
C:/Users/alexp/OneDrive/Desktop/signs_script/img/00_086.jpg,0
C:/Users/alexp/OneDrive/Desktop/signs_script/img/00_087.jpg,0
C:/Users/alexp/OneDrive/Desktop/signs_script/img/01_000.jpg,1
C:/Users/alexp/OneDrive/Desktop/signs_script/img/01_001.jpg,1
C:/Users/alexp/OneDrive/Desktop/signs_script/img/01_002.jpg,1
C:/Users/alexp/OneDrive/Desktop/signs_script/img/01_003.jpg,1
C:/Users/alexp/OneDrive/Desktop/signs_script/img/01_004.jpg,1
C:/Users/alexp/OneDrive/Desktop/signs_script/img/01_005.jpg,1
C:/Users/alexp/OneDrive/Desktop/signs_script/img/01_006.jpg,1
C:/Users/alexp/OneDrive/Desktop/signs_script/img/01_007.jpg,1
C:/Users/alexp/OneDrive/Desktop/signs_script/img/01_008.jpg,1
C:/Users/alexp/OneDrive/Desktop/signs_script/img/01_009.jpg,1
C:/Users/alexp/OneDrive/Desktop/signs_script/img/01_010.jpg,1
C:/Users/alexp/OneDrive/Desktop/signs_script/img/01_011.jpg,1
C:/Users/alexp/OneDrive/Desktop/signs_script/img/01_012.jpg,1
C:/Users/alexp/OneDrive/Desktop/signs_script/img/01_013.jpg,1
C:/Users/alexp/OneDrive/Desktop/signs_script/img/01_014.jpg,1
C:/Users/alexp/OneDrive/Desktop/signs_script/img/01_015.jpg,1
C:/Users/alexp/OneDrive/Desktop/signs_script/img/01_016.jpg,1
C:/Users/alexp/OneDrive/Desktop/signs_script/img/01_017.jpg,1
C:/Users/alexp/OneDrive/Desktop/signs_script/img/01_018.jpg,1
C:/Users/alexp/OneDrive/Desktop/signs_script/img/01_019.jpg,1
C:/Users/alexp/OneDrive/Desktop/signs_script/img/01_020.jpg,1
C:/Users/alexp/OneDrive/Desktop/signs_script/img/01_021.jpg,1
C:/Users/alexp/OneDrive/Desktop/signs_script/img/01_022.jpg,1
C:/Users/alexp/OneDrive/Desktop/signs_script/img/01_023.jpg,1
C:/Users/alexp/OneDrive/Desktop/signs_script/img/01_024.jpg,1
C:/Users/alexp/OneDrive/Desktop/signs_script/img/01_025.jpg,1
C:/Users/alexp/OneDrive/Desktop/signs_script/img/01_026.jpg,1
C:/Users/alexp/OneDrive/Desktop/signs_script/img/01_027.jpg,1
C:/Users/alexp/OneDrive/Desktop/signs_script/img/01_028.jpg,1
C:/Users/alexp/OneDrive/Desktop/signs_script/img/01_029.jpg,1
C:/Users/alexp/OneDrive/Desktop/signs_script/img/01_030.jpg,1
C:/Users/alexp/OneDrive/Desktop/signs_script/img/01_031.jpg,1
C:/Users/alexp/OneDrive/Desktop/signs_script/img/01_032.jpg,1
C:/Users/alexp/OneDrive/Desktop/signs_script/img/01_033.jpg,1
C:/Users/alexp/OneDrive/Desktop/signs_script/img/01_034.jpg,1
C:/Users/alexp/OneDrive/Desktop/signs_script/img/01_035.jpg,1
C:/Users/alexp/OneDrive/Desktop/signs_script/img/01_036.jpg,1
C:/Users/alexp/OneDrive/Desktop/signs_script/img/01_037.jpg,1
C:/Users/alexp/OneDrive/Desktop/signs_script/img/01_038.jpg,1
C:/Users/alexp/OneDrive/Desktop/signs_script/img/01_039.jpg,1
C:/Users/alexp/OneDrive/Desktop/signs_script/img/01_040.jpg,1
C:/Users/alexp/OneDrive/Desktop/signs_script/img/01_041.jpg,1
C:/Users/alexp/OneDrive/Desktop/signs_script/img/01_042.jpg,1
C:/Users/alexp/OneDrive/Desktop/signs_script/img/01_043.jpg,1
C:/Users/alexp/OneDrive/Desktop/signs_script/img/01_044.jpg,1
C:/Users/alexp/OneDrive/Desktop/signs_script/img/01_045.jpg,1
C:/Users/alexp/OneDrive/Desktop/signs_script/img/01_046.jpg,1
C:/Users/alexp/OneDrive/Desktop/signs_script/img/01_047.jpg,1
C:/Users/alexp/OneDrive/Desktop/signs_script/img/01_048.jpg,1
C:/Users/alexp/OneDrive/Desktop/signs_script/img/01_049.jpg,1
C:/Users/alexp/OneDrive/Desktop/signs_script/img/01_050.jpg,1
C:/Users/alexp/OneDrive/Desktop/signs_script/img/01_051.jpg,1
C:/Users/alexp/OneDrive/Desktop/signs_script/img/01_052.jpg,1
C:/Users/alexp/OneDrive/Desktop/signs_script/img/01_053.jpg,1
C:/Users/alexp/OneDrive/Desktop/signs_script/img/01_054.jpg,1
C:/Users/alexp/OneDrive/Desktop/signs_script/img/01_055.jpg,1
C:/Users/alexp/OneDrive/Desktop/signs_script/img/01_056.jpg,1
C:/Users/alexp/OneDrive/Desktop/signs_script/img/01_057.jpg,1
C:/Users/alexp/OneDrive/Desktop/signs_script/img/01_058.jpg,1
C:/Users/alexp/OneDrive/Desktop/signs_script/img/01_059.jpg,1
C:/Users/alexp/OneDrive/Desktop/signs_script/img/01_060.jpg,1
C:/Users/alexp/OneDrive/Desktop/signs_script/img/01_061.jpg,1
C:/Users/alexp/OneDrive/Desktop/signs_script/img/01_062.jpg,1
C:/Users/alexp/OneDrive/Desktop/signs_script/img/01_063.jpg,1
C:/Users/alexp/OneDrive/Desktop/signs_script/img/01_064.jpg,1
C:/Users/alexp/OneDrive/Desktop/signs_script/img/01_065.jpg,1
C:/Users/alexp/OneDrive/Desktop/signs_script/img/01_066.jpg,1
C:/Users/alexp/OneDrive/Desktop/signs_script/img/01_067.jpg,1
C:/Users/alexp/OneDrive/Desktop/signs_script/img/01_068.jpg,1
C:/Users/alexp/OneDrive/Desktop/signs_script/img/01_069.jpg,1
C:/Users/alexp/OneDrive/Desktop/signs_script/img/01_070.jpg,1
C:/Users/alexp/OneDrive/Desktop/signs_script/img/01_071.jpg,1
C:/Users/alexp/OneDrive/Desktop/signs_script/img/01_072.jpg,1
C:/Users/alexp/OneDrive/Desktop/signs_script/img/01_073.jpg,1
C:/Users/alexp/OneDrive/Desktop/signs_script/img/01_074.jpg,1
C:/Users/alexp/OneDrive/Desktop/signs_script/img/01_075.jpg,1
C:/Users/alexp/OneDrive/Desktop/signs_script/img/01_076.jpg,1
C:/Users/alexp/OneDrive/Desktop/signs_script/img/01_077.jpg,1
C:/Users/alexp/OneDrive/Desktop/signs_script/img/01_078.jpg,1
C:/Users/alexp/OneDrive/Desktop/signs_script/img/01_079.jpg,1
C:/Users/alexp/OneDrive/Desktop/signs_script/img/01_080.jpg,1
C:/Users/alexp/OneDrive/Desktop/signs_script/img/01_081.jpg,1
C:/Users/alexp/OneDrive/Desktop/signs_script/img/01_082.jpg,1
C:/Users/alexp/OneDrive/Desktop/signs_script/img/01_083.jpg,1
C:/Users/alexp/OneDrive/Desktop/signs_script/img/01_084.jpg,1
C:/Users/alexp/OneDrive/Desktop/signs_script/img/01_085.jpg,1
C:/Users/alexp/OneDrive/Desktop/signs_script/img/01_086.jpg,1
C:/Users/alexp/OneDrive/Desktop/signs_script/img/01_087.jpg,1
C:/Users/alexp/OneDrive/Desktop/signs_script/img/01_088.jpg,1
C:/Users/alexp/OneDrive/Desktop/signs_script/img/01_089.jpg,1
C:/Users/alexp/OneDrive/Desktop/signs_script/img/01_090.jpg,1
C:/Users/alexp/OneDrive/Desktop/signs_script/img/01_091.jpg,1
C:/Users/alexp/OneDrive/Desktop/signs_script/img/01_092.jpg,1
C:/Users/alexp/OneDrive/Desktop/signs_script/img/01_093.jpg,1
C:/Users/alexp/OneDrive/Desktop/signs_script/img/01_094.jpg,1
C:/Users/alexp/OneDrive/Desktop/signs_script/img/01_095.jpg,1
C:/Users/alexp/OneDrive/Desktop/signs_script/img/01_096.jpg,1
C:/Users/alexp/OneDrive/Desktop/signs_script/img/01_097.jpg,1
C:/Users/alexp/OneDrive/Desktop/signs_script/img/01_098.jpg,1
C:/Users/alexp/OneDrive/Desktop/signs_script/img/01_099.jpg,1
C:/Users/alexp/OneDrive/Desktop/signs_script/img/01_100.jpg,1
C:/Users/alexp/OneDrive/Desktop/signs_script/img/01_101.jpg,1
C:/Users/alexp/OneDrive/Desktop/signs_script/img/01_102.jpg,1
C:/Users/alexp/OneDrive/Desktop/signs_script/img/01_103.jpg,1
C:/Users/alexp/OneDrive/Desktop/signs_script/img/01_104.jpg,1
C:/Users/alexp/OneDrive/Desktop/signs_script/img/01_105.jpg,1
C:/Users/alexp/OneDrive/Desktop/signs_script/img/01_106.jpg,1
C:/Users/alexp/OneDrive/Desktop/signs_script/img/01_107.jpg,1
C:/Users/alexp/OneDrive/Desktop/signs_script/img/01_108.jpg,1
C:/Users/alexp/OneDrive/Desktop/signs_script/img/01_109.jpg,1
C:/Users/alexp/OneDrive/Desktop/signs_script/img/01_110.jpg,1
C:/Users/alexp/OneDrive/Desktop/signs_script/img/01_111.jpg,1
C:/Users/alexp/OneDrive/Desktop/signs_script/img/01_112.jpg,1
C:/Users/alexp/OneDrive/Desktop/signs_script/img/01_113.jpg,1
C:/Users/alexp/OneDrive/Desktop/signs_script/img/01_114.jpg,1
C:/Users/alexp/OneDrive/Desktop/signs_script/img/01_115.jpg,1
C:/Users/alexp/OneDrive/Desktop/signs_script/img/01_116.jpg,1
C:/Users/alexp/OneDrive/Desktop/signs_script/img/01_117.jpg,1
C:/Users/alexp/OneDrive/Desktop/signs_script/img/01_118.jpg,1
C:/Users/alexp/OneDrive/Desktop/signs_script/img/01_119.jpg,1
C:/Users/alexp/OneDrive/Desktop/signs_script/img/01_120.jpg,1
C:/Users/alexp/OneDrive/Desktop/signs_script/img/01_121.jpg,1
C:/Users/alexp/OneDrive/Desktop/signs_script/img/01_122.jpg,1
C:/Users/alexp/OneDrive/Desktop/signs_script/img/01_123.jpg,1
C:/Users/alexp/OneDrive/Desktop/signs_script/img/01_124.jpg,1
C:/Users/alexp/OneDrive/Desktop/signs_script/img/01_125.jpg,1
C:/Users/alexp/OneDrive/Desktop/signs_script/img/01_126.jpg,1
C:/Users/alexp/OneDrive/Desktop/signs_script/img/01_127.jpg,1
C:/Users/alexp/OneDrive/Desktop/signs_script/img/01_128.jpg,1
C:/Users/alexp/OneDrive/Desktop/signs_script/img/01_129.jpg,1
C:/Users/alexp/OneDrive/Desktop/signs_script/img/01_130.jpg,1
C:/Users/alexp/OneDrive/Desktop/signs_script/img/01_131.jpg,1
C:/Users/alexp/OneDrive/Desktop/signs_script/img/01_132.jpg,1
C:/Users/alexp/OneDrive/Desktop/signs_script/img/01_133.jpg,1
C:/Users/alexp/OneDrive/Desktop/signs_script/img/01_134.jpg,1
C:/Users/alexp/OneDrive/Desktop/signs_script/img/01_135.jpg,1
C:/Users/alexp/OneDrive/Desktop/signs_script/img/01_136.jpg,1
C:/Users/alexp/OneDrive/Desktop/signs_script/img/01_137.jpg,1
C:/Users/alexp/OneDrive/Desktop/signs_script/img/01_138.jpg,1
C:/Users/alexp/OneDrive/Desktop/signs_script/img/01_139.jpg,1
C:/Users/alexp/OneDrive/Desktop/signs_script/img/01_140.jpg,1
C:/Users/alexp/OneDrive/Desktop/signs_script/img/01_141.jpg,1
C:/Users/alexp/OneDrive/Desktop/signs_script/img/01_142.jpg,1
C:/Users/alexp/OneDrive/Desktop/signs_script/img/01_143.jpg,1
C:/Users/alexp/OneDrive/Desktop/signs_script/img/01_144.jpg,1
C:/Users/alexp/OneDrive/Desktop/signs_script/img/01_145.jpg,1
C:/Users/alexp/OneDrive/Desktop/signs_script/img/01_146.jpg,1
C:/Users/alexp/OneDrive/Desktop/signs_script/img/01_147.jpg,1
C:/Users/alexp/OneDrive/Desktop/signs_script/img/01_148.jpg,1
C:/Users/alexp/OneDrive/Desktop/signs_script/img/01_149.jpg,1
C:/Users/alexp/OneDrive/Desktop/signs_script/img/01_150.jpg,1
C:/Users/alexp/OneDrive/Desktop/signs_script/img/01_151.jpg,1
C:/Users/alexp/OneDrive/Desktop/signs_script/img/01_152.jpg,1
C:/Users/alexp/OneDrive/Desktop/signs_script/img/01_153.jpg,1
C:/Users/alexp/OneDrive/Desktop/signs_script/img/01_154.jpg,1
C:/Users/alexp/OneDrive/Desktop/signs_script/img/01_155.jpg,1
C:/Users/alexp/OneDrive/Desktop/signs_script/img/01_156.jpg,1
C:/Users/alexp/OneDrive/Desktop/signs_script/img/01_157.jpg,1
C:/Users/alexp/OneDrive/Desktop/signs_script/img/02_000.jpg,2
C:/Users/alexp/OneDrive/Desktop/signs_script/img/02_001.jpg,2
C:/Users/alexp/OneDrive/Desktop/signs_script/img/02_002.jpg,2
C:/Users/alexp/OneDrive/Desktop/signs_script/img/02_003.jpg,2
C:/Users/alexp/OneDrive/Desktop/signs_script/img/02_004.jpg,2
C:/Users/alexp/OneDrive/Desktop/signs_script/img/02_005.jpg,2
C:/Users/alexp/OneDrive/Desktop/signs_script/img/02_006.jpg,2
C:/Users/alexp/OneDrive/Desktop/signs_script/img/02_007.jpg,2
C:/Users/alexp/OneDrive/Desktop/signs_script/img/02_008.jpg,2
C:/Users/alexp/OneDrive/Desktop/signs_script/img/02_009.jpg,2
C:/Users/alexp/OneDrive/Desktop/signs_script/img/02_010.jpg,2
C:/Users/alexp/OneDrive/Desktop/signs_script/img/02_011.jpg,2
C:/Users/alexp/OneDrive/Desktop/signs_script/img/02_012.jpg,2
C:/Users/alexp/OneDrive/Desktop/signs_script/img/02_013.jpg,2
C:/Users/alexp/OneDrive/Desktop/signs_script/img/02_014.jpg,2
C:/Users/alexp/OneDrive/Desktop/signs_script/img/02_015.jpg,2
C:/Users/alexp/OneDrive/Desktop/signs_script/img/02_016.jpg,2
C:/Users/alexp/OneDrive/Desktop/signs_script/img/02_017.jpg,2
C:/Users/alexp/OneDrive/Desktop/signs_script/img/02_018.jpg,2
C:/Users/alexp/OneDrive/Desktop/signs_script/img/02_019.jpg,2
C:/Users/alexp/OneDrive/Desktop/signs_script/img/02_020.jpg,2
C:/Users/alexp/OneDrive/Desktop/signs_script/img/02_021.jpg,2
C:/Users/alexp/OneDrive/Desktop/signs_script/img/02_022.jpg,2
C:/Users/alexp/OneDrive/Desktop/signs_script/img/02_023.jpg,2
C:/Users/alexp/OneDrive/Desktop/signs_script/img/02_024.jpg,2
C:/Users/alexp/OneDrive/Desktop/signs_script/img/02_025.jpg,2
C:/Users/alexp/OneDrive/Desktop/signs_script/img/02_026.jpg,2
C:/Users/alexp/OneDrive/Desktop/signs_script/img/02_027.jpg,2
C:/Users/alexp/OneDrive/Desktop/signs_script/img/02_028.jpg,2
C:/Users/alexp/OneDrive/Desktop/signs_script/img/02_029.jpg,2
C:/Users/alexp/OneDrive/Desktop/signs_script/img/02_030.jpg,2
C:/Users/alexp/OneDrive/Desktop/signs_script/img/02_031.jpg,2
C:/Users/alexp/OneDrive/Desktop/signs_script/img/02_032.jpg,2
C:/Users/alexp/OneDrive/Desktop/signs_script/img/02_033.jpg,2
C:/Users/alexp/OneDrive/Desktop/signs_script/img/02_034.jpg,2
C:/Users/alexp/OneDrive/Desktop/signs_script/img/02_035.jpg,2
C:/Users/alexp/OneDrive/Desktop/signs_script/img/02_036.jpg,2
C:/Users/alexp/OneDrive/Desktop/signs_script/img/02_037.jpg,2
C:/Users/alexp/OneDrive/Desktop/signs_script/img/02_038.jpg,2
C:/Users/alexp/OneDrive/Desktop/signs_script/img/02_039.jpg,2
C:/Users/alexp/OneDrive/Desktop/signs_script/img/02_040.jpg,2
C:/Users/alexp/OneDrive/Desktop/signs_script/img/02_041.jpg,2
C:/Users/alexp/OneDrive/Desktop/signs_script/img/02_042.jpg,2
C:/Users/alexp/OneDrive/Desktop/signs_script/img/02_043.jpg,2
C:/Users/alexp/OneDrive/Desktop/signs_script/img/02_044.jpg,2
C:/Users/alexp/OneDrive/Desktop/signs_script/img/02_045.jpg,2
C:/Users/alexp/OneDrive/Desktop/signs_script/img/02_046.jpg,2
C:/Users/alexp/OneDrive/Desktop/signs_script/img/02_047.jpg,2
C:/Users/alexp/OneDrive/Desktop/signs_script/img/02_048.jpg,2
C:/Users/alexp/OneDrive/Desktop/signs_script/img/02_049.jpg,2
C:/Users/alexp/OneDrive/Desktop/signs_script/img/02_050.jpg,2
C:/Users/alexp/OneDrive/Desktop/signs_script/img/02_051.jpg,2
C:/Users/alexp/OneDrive/Desktop/signs_script/img/02_052.jpg,2
C:/Users/alexp/OneDrive/Desktop/signs_script/img/02_053.jpg,2
C:/Users/alexp/OneDrive/Desktop/signs_script/img/02_054.jpg,2
C:/Users/alexp/OneDrive/Desktop/signs_script/img/02_055.jpg,2
C:/Users/alexp/OneDrive/Desktop/signs_script/img/02_056.jpg,2
C:/Users/alexp/OneDrive/Desktop/signs_script/img/02_057.jpg,2
C:/Users/alexp/OneDrive/Desktop/signs_script/img/02_058.jpg,2
C:/Users/alexp/OneDrive/Desktop/signs_script/img/02_059.jpg,2
C:/Users/alexp/OneDrive/Desktop/signs_script/img/02_060.jpg,2
C:/Users/alexp/OneDrive/Desktop/signs_script/img/02_061.jpg,2
C:/Users/alexp/OneDrive/Desktop/signs_script/img/02_062.jpg,2
C:/Users/alexp/OneDrive/Desktop/signs_script/img/02_063.jpg,2
C:/Users/alexp/OneDrive/Desktop/signs_script/img/02_064.jpg,2
C:/Users/alexp/OneDrive/Desktop/signs_script/img/02_065.jpg,2
C:/Users/alexp/OneDrive/Desktop/signs_script/img/02_066.jpg,2
C:/Users/alexp/OneDrive/Desktop/signs_script/img/02_067.jpg,2
C:/Users/alexp/OneDrive/Desktop/signs_script/img/02_068.jpg,2
C:/Users/alexp/OneDrive/Desktop/signs_script/img/02_069.jpg,2
C:/Users/alexp/OneDrive/Desktop/signs_script/img/02_070.jpg,2
C:/Users/alexp/OneDrive/Desktop/signs_script/img/02_071.jpg,2
C:/Users/alexp/OneDrive/Desktop/signs_script/img/02_072.jpg,2
C:/Users/alexp/OneDrive/Desktop/signs_script/img/02_073.jpg,2
C:/Users/alexp/OneDrive/Desktop/signs_script/img/02_074.jpg,2
C:/Users/alexp/OneDrive/Desktop/signs_script/img/02_075.jpg,2
C:/Users/alexp/OneDrive/Desktop/signs_script/img/02_076.jpg,2
C:/Users/alexp/OneDrive/Desktop/signs_script/img/02_077.jpg,2
C:/Users/alexp/OneDrive/Desktop/signs_script/img/02_078.jpg,2
C:/Users/alexp/OneDrive/Desktop/signs_script/img/02_079.jpg,2
C:/Users/alexp/OneDrive/Desktop/signs_script/img/02_080.jpg,2
C:/Users/alexp/OneDrive/Desktop/signs_script/img/02_081.jpg,2
C:/Users/alexp/OneDrive/Desktop/signs_script/img/02_082.jpg,2
C:/Users/alexp/OneDrive/Desktop/signs_script/img/02_083.jpg,2
C:/Users/alexp/OneDrive/Desktop/signs_script/img/02_084.jpg,2
C:/Users/alexp/OneDrive/Desktop/signs_script/img/02_085.jpg,2
C:/Users/alexp/OneDrive/Desktop/signs_script/img/02_086.jpg,2
C:/Users/alexp/OneDrive/Desktop/signs_script/img/02_087.jpg,2
C:/Users/alexp/OneDrive/Desktop/signs_script/img/02_088.jpg,2
C:/Users/alexp/OneDrive/Desktop/signs_script/img/02_089.jpg,2
C:/Users/alexp/OneDrive/Desktop/signs_script/img/02_090.jpg,2
C:/Users/alexp/OneDrive/Desktop/signs_script/img/02_091.jpg,2
C:/Users/alexp/OneDrive/Desktop/signs_script/img/02_092.jpg,2
C:/Users/alexp/OneDrive/Desktop/signs_script/img/02_093.jpg,2
C:/Users/alexp/OneDrive/Desktop/signs_script/img/02_094.jpg,2
C:/Users/alexp/OneDrive/Desktop/signs_script/img/02_095.jpg,2
C:/Users/alexp/OneDrive/Desktop/signs_script/img/02_096.jpg,2
C:/Users/alexp/OneDrive/Desktop/signs_script/img/02_097.jpg,2
C:/Users/alexp/OneDrive/Desktop/signs_script/img/02_098.jpg,2
C:/Users/alexp/OneDrive/Desktop/signs_script/img/02_099.jpg,2
C:/Users/alexp/OneDrive/Desktop/signs_script/img/02_100.jpg,2
C:/Users/alexp/OneDrive/Desktop/signs_script/img/02_101.jpg,2
C:/Users/alexp/OneDrive/Desktop/signs_script/img/02_102.jpg,2
C:/Users/alexp/OneDrive/Desktop/signs_script/img/02_103.jpg,2
C:/Users/alexp/OneDrive/Desktop/signs_script/img/02_104.jpg,2
C:/Users/alexp/OneDrive/Desktop/signs_script/img/02_105.jpg,2
C:/Users/alexp/OneDrive/Desktop/signs_script/img/02_106.jpg,2
C:/Users/alexp/OneDrive/Desktop/signs_script/img/02_107.jpg,2
C:/Users/alexp/OneDrive/Desktop/signs_script/img/02_108.jpg,2
C:/Users/alexp/OneDrive/Desktop/signs_script/img/02_109.jpg,2
C:/Users/alexp/OneDrive/Desktop/signs_script/img/02_110.jpg,2
C:/Users/alexp/OneDrive/Desktop/signs_script/img/02_111.jpg,2
C:/Users/alexp/OneDrive/Desktop/signs_script/img/02_112.jpg,2
C:/Users/alexp/OneDrive/Desktop/signs_script/img/02_113.jpg,2
C:/Users/alexp/OneDrive/Desktop/signs_script/img/02_114.jpg,2
C:/Users/alexp/OneDrive/Desktop/signs_script/img/02_115.jpg,2
C:/Users/alexp/OneDrive/Desktop/signs_script/img/02_116.jpg,2
C:/Users/alexp/OneDrive/Desktop/signs_script/img/02_117.jpg,2
C:/Users/alexp/OneDrive/Desktop/signs_script/img/02_118.jpg,2
C:/Users/alexp/OneDrive/Desktop/signs_script/img/02_119.jpg,2
C:/Users/alexp/OneDrive/Desktop/signs_script/img/02_120.jpg,2
C:/Users/alexp/OneDrive/Desktop/signs_script/img/02_121.jpg,2
C:/Users/alexp/OneDrive/Desktop/signs_script/img/02_122.jpg,2
C:/Users/alexp/OneDrive/Desktop/signs_script/img/02_123.jpg,2
C:/Users/alexp/OneDrive/Desktop/signs_script/img/02_124.jpg,2
C:/Users/alexp/OneDrive/Desktop/signs_script/img/02_125.jpg,2
C:/Users/alexp/OneDrive/Desktop/signs_script/img/02_126.jpg,2
C:/Users/alexp/OneDrive/Desktop/signs_script/img/02_127.jpg,2
C:/Users/alexp/OneDrive/Desktop/signs_script/img/03_000.jpg,3
C:/Users/alexp/OneDrive/Desktop/signs_script/img/03_001.jpg,3
C:/Users/alexp/OneDrive/Desktop/signs_script/img/03_002.jpg,3
C:/Users/alexp/OneDrive/Desktop/signs_script/img/03_003.jpg,3
C:/Users/alexp/OneDrive/Desktop/signs_script/img/03_004.jpg,3
C:/Users/alexp/OneDrive/Desktop/signs_script/img/03_005.jpg,3
C:/Users/alexp/OneDrive/Desktop/signs_script/img/03_006.jpg,3
C:/Users/alexp/OneDrive/Desktop/signs_script/img/03_007.jpg,3
C:/Users/alexp/OneDrive/Desktop/signs_script/img/03_008.jpg,3
C:/Users/alexp/OneDrive/Desktop/signs_script/img/03_009.jpg,3
C:/Users/alexp/OneDrive/Desktop/signs_script/img/03_010.jpg,3
C:/Users/alexp/OneDrive/Desktop/signs_script/img/03_011.jpg,3
C:/Users/alexp/OneDrive/Desktop/signs_script/img/03_012.jpg,3
C:/Users/alexp/OneDrive/Desktop/signs_script/img/03_013.jpg,3
C:/Users/alexp/OneDrive/Desktop/signs_script/img/03_014.jpg,3
C:/Users/alexp/OneDrive/Desktop/signs_script/img/03_015.jpg,3
C:/Users/alexp/OneDrive/Desktop/signs_script/img/03_016.jpg,3
C:/Users/alexp/OneDrive/Desktop/signs_script/img/03_017.jpg,3
C:/Users/alexp/OneDrive/Desktop/signs_script/img/03_018.jpg,3
C:/Users/alexp/OneDrive/Desktop/signs_script/img/03_019.jpg,3
C:/Users/alexp/OneDrive/Desktop/signs_script/img/03_020.jpg,3
C:/Users/alexp/OneDrive/Desktop/signs_script/img/03_021.jpg,3
C:/Users/alexp/OneDrive/Desktop/signs_script/img/03_022.jpg,3
C:/Users/alexp/OneDrive/Desktop/signs_script/img/03_023.jpg,3
C:/Users/alexp/OneDrive/Desktop/signs_script/img/03_024.jpg,3
C:/Users/alexp/OneDrive/Desktop/signs_script/img/03_025.jpg,3
C:/Users/alexp/OneDrive/Desktop/signs_script/img/03_026.jpg,3
C:/Users/alexp/OneDrive/Desktop/signs_script/img/03_027.jpg,3
C:/Users/alexp/OneDrive/Desktop/signs_script/img/03_028.jpg,3
C:/Users/alexp/OneDrive/Desktop/signs_script/img/03_029.jpg,3
C:/Users/alexp/OneDrive/Desktop/signs_script/img/03_030.jpg,3
C:/Users/alexp/OneDrive/Desktop/signs_script/img/03_031.jpg,3
C:/Users/alexp/OneDrive/Desktop/signs_script/img/03_032.jpg,3
C:/Users/alexp/OneDrive/Desktop/signs_script/img/03_033.jpg,3
C:/Users/alexp/OneDrive/Desktop/signs_script/img/03_034.jpg,3
C:/Users/alexp/OneDrive/Desktop/signs_script/img/03_035.jpg,3
C:/Users/alexp/OneDrive/Desktop/signs_script/img/03_036.jpg,3
C:/Users/alexp/OneDrive/Desktop/signs_script/img/03_037.jpg,3
C:/Users/alexp/OneDrive/Desktop/signs_script/img/03_038.jpg,3
C:/Users/alexp/OneDrive/Desktop/signs_script/img/03_039.jpg,3
C:/Users/alexp/OneDrive/Desktop/signs_script/img/03_040.jpg,3
C:/Users/alexp/OneDrive/Desktop/signs_script/img/03_041.jpg,3
C:/Users/alexp/OneDrive/Desktop/signs_script/img/03_042.jpg,3
C:/Users/alexp/OneDrive/Desktop/signs_script/img/03_043.jpg,3
C:/Users/alexp/OneDrive/Desktop/signs_script/img/03_044.jpg,3
C:/Users/alexp/OneDrive/Desktop/signs_script/img/03_045.jpg,3
C:/Users/alexp/OneDrive/Desktop/signs_script/img/03_046.jpg,3
C:/Users/alexp/OneDrive/Desktop/signs_script/img/03_047.jpg,3
C:/Users/alexp/OneDrive/Desktop/signs_script/img/03_048.jpg,3
C:/Users/alexp/OneDrive/Desktop/signs_script/img/03_049.jpg,3
C:/Users/alexp/OneDrive/Desktop/signs_script/img/03_050.jpg,3
C:/Users/alexp/OneDrive/Desktop/signs_script/img/03_051.jpg,3
C:/Users/alexp/OneDrive/Desktop/signs_script/img/03_052.jpg,3
C:/Users/alexp/OneDrive/Desktop/signs_script/img/03_053.jpg,3
C:/Users/alexp/OneDrive/Desktop/signs_script/img/03_054.jpg,3
C:/Users/alexp/OneDrive/Desktop/signs_script/img/03_055.jpg,3
C:/Users/alexp/OneDrive/Desktop/signs_script/img/03_056.jpg,3
C:/Users/alexp/OneDrive/Desktop/signs_script/img/03_057.jpg,3
C:/Users/alexp/OneDrive/Desktop/signs_script/img/03_058.jpg,3
C:/Users/alexp/OneDrive/Desktop/signs_script/img/03_059.jpg,3
C:/Users/alexp/OneDrive/Desktop/signs_script/img/03_060.jpg,3
C:/Users/alexp/OneDrive/Desktop/signs_script/img/03_061.jpg,3
C:/Users/alexp/OneDrive/Desktop/signs_script/img/03_062.jpg,3
C:/Users/alexp/OneDrive/Desktop/signs_script/img/03_063.jpg,3
C:/Users/alexp/OneDrive/Desktop/signs_script/img/03_064.jpg,3
C:/Users/alexp/OneDrive/Desktop/signs_script/img/03_065.jpg,3
C:/Users/alexp/OneDrive/Desktop/signs_script/img/03_066.jpg,3
C:/Users/alexp/OneDrive/Desktop/signs_script/img/03_067.jpg,3
C:/Users/alexp/OneDrive/Desktop/signs_script/img/03_068.jpg,3
C:/Users/alexp/OneDrive/Desktop/signs_script/img/03_069.jpg,3
C:/Users/alexp/OneDrive/Desktop/signs_script/img/03_070.jpg,3
C:/Users/alexp/OneDrive/Desktop/signs_script/img/03_071.jpg,3
C:/Users/alexp/OneDrive/Desktop/signs_script/img/03_072.jpg,3
C:/Users/alexp/OneDrive/Desktop/signs_script/img/03_073.jpg,3
C:/Users/alexp/OneDrive/Desktop/signs_script/img/03_074.jpg,3
C:/Users/alexp/OneDrive/Desktop/signs_script/img/03_075.jpg,3
C:/Users/alexp/OneDrive/Desktop/signs_script/img/03_076.jpg,3
C:/Users/alexp/OneDrive/Desktop/signs_script/img/03_077.jpg,3
C:/Users/alexp/OneDrive/Desktop/signs_script/img/03_078.jpg,3
C:/Users/alexp/OneDrive/Desktop/signs_script/img/03_079.jpg,3
C:/Users/alexp/OneDrive/Desktop/signs_script/img/03_080.jpg,3
C:/Users/alexp/OneDrive/Desktop/signs_script/img/03_081.jpg,3
C:/Users/alexp/OneDrive/Desktop/signs_script/img/03_082.jpg,3
C:/Users/alexp/OneDrive/Desktop/signs_script/img/03_083.jpg,3
C:/Users/alexp/OneDrive/Desktop/signs_script/img/03_084.jpg,3
C:/Users/alexp/OneDrive/Desktop/signs_script/img/03_085.jpg,3
C:/Users/alexp/OneDrive/Desktop/signs_script/img/03_086.jpg,3
C:/Users/alexp/OneDrive/Desktop/signs_script/img/03_087.jpg,3
C:/Users/alexp/OneDrive/Desktop/signs_script/img/03_088.jpg,3
C:/Users/alexp/OneDrive/Desktop/signs_script/img/03_089.jpg,3
C:/Users/alexp/OneDrive/Desktop/signs_script/img/03_090.jpg,3
C:/Users/alexp/OneDrive/Desktop/signs_script/img/03_091.jpg,3
C:/Users/alexp/OneDrive/Desktop/signs_script/img/03_092.jpg,3
C:/Users/alexp/OneDrive/Desktop/signs_script/img/03_093.jpg,3
C:/Users/alexp/OneDrive/Desktop/signs_script/img/03_094.jpg,3
C:/Users/alexp/OneDrive/Desktop/signs_script/img/03_095.jpg,3
C:/Users/alexp/OneDrive/Desktop/signs_script/img/03_096.jpg,3
C:/Users/alexp/OneDrive/Desktop/signs_script/img/03_097.jpg,3
C:/Users/alexp/OneDrive/Desktop/signs_script/img/03_098.jpg,3
C:/Users/alexp/OneDrive/Desktop/signs_script/img/03_099.jpg,3
C:/Users/alexp/OneDrive/Desktop/signs_script/img/03_100.jpg,3
C:/Users/alexp/OneDrive/Desktop/signs_script/img/03_101.jpg,3
C:/Users/alexp/OneDrive/Desktop/signs_script/img/03_102.jpg,3
C:/Users/alexp/OneDrive/Desktop/signs_script/img/03_103.jpg,3
C:/Users/alexp/OneDrive/Desktop/signs_script/img/03_104.jpg,3
C:/Users/alexp/OneDrive/Desktop/signs_script/img/03_105.jpg,3
C:/Users/alexp/OneDrive/Desktop/signs_script/img/03_106.jpg,3
C:/Users/alexp/OneDrive/Desktop/signs_script/img/03_107.jpg,3
C:/Users/alexp/OneDrive/Desktop/signs_script/img/03_108.jpg,3
C:/Users/alexp/OneDrive/Desktop/signs_script/img/03_109.jpg,3
C:/Users/alexp/OneDrive/Desktop/signs_script/img/03_110.jpg,3
C:/Users/alexp/OneDrive/Desktop/signs_script/img/03_111.jpg,3
C:/Users/alexp/OneDrive/Desktop/signs_script/img/03_112.jpg,3
C:/Users/alexp/OneDrive/Desktop/signs_script/img/03_113.jpg,3
C:/Users/alexp/OneDrive/Desktop/signs_script/img/03_114.jpg,3
C:/Users/alexp/OneDrive/Desktop/signs_script/img/03_115.jpg,3
C:/Users/alexp/OneDrive/Desktop/signs_script/img/03_116.jpg,3
C:/Users/alexp/OneDrive/Desktop/signs_script/img/03_117.jpg,3
C:/Users/alexp/OneDrive/Desktop/signs_script/img/03_118.jpg,3
C:/Users/alexp/OneDrive/Desktop/signs_script/img/03_119.jpg,3
C:/Users/alexp/OneDrive/Desktop/signs_script/img/03_120.jpg,3
C:/Users/alexp/OneDrive/Desktop/signs_script/img/03_121.jpg,3
C:/Users/alexp/OneDrive/Desktop/signs_script/img/03_122.jpg,3
C:/Users/alexp/OneDrive/Desktop/signs_script/img/03_123.jpg,3
C:/Users/alexp/OneDrive/Desktop/signs_script/img/03_124.jpg,3
C:/Users/alexp/OneDrive/Desktop/signs_script/img/03_125.jpg,3
C:/Users/alexp/OneDrive/Desktop/signs_script/img/03_126.jpg,3
C:/Users/alexp/OneDrive/Desktop/signs_script/img/03_127.jpg,3
C:/Users/alexp/OneDrive/Desktop/signs_script/img/03_128.jpg,3
C:/Users/alexp/OneDrive/Desktop/signs_script/img/03_129.jpg,3
C:/Users/alexp/OneDrive/Desktop/signs_script/img/03_130.jpg,3
C:/Users/alexp/OneDrive/Desktop/signs_script/img/03_131.jpg,3
C:/Users/alexp/OneDrive/Desktop/signs_script/img/03_132.jpg,3
C:/Users/alexp/OneDrive/Desktop/signs_script/img/03_133.jpg,3
C:/Users/alexp/OneDrive/Desktop/signs_script/img/03_134.jpg,3
C:/Users/alexp/OneDrive/Desktop/signs_script/img/03_135.jpg,3
C:/Users/alexp/OneDrive/Desktop/signs_script/img/03_136.jpg,3
C:/Users/alexp/OneDrive/Desktop/signs_script/img/03_137.jpg,3
C:/Users/alexp/OneDrive/Desktop/signs_script/img/03_138.jpg,3
C:/Users/alexp/OneDrive/Desktop/signs_script/img/03_139.jpg,3
C:/Users/alexp/OneDrive/Desktop/signs_script/img/03_140.jpg,3
C:/Users/alexp/OneDrive/Desktop/signs_script/img/03_141.jpg,3
C:/Users/alexp/OneDrive/Desktop/signs_script/img/03_142.jpg,3
C:/Users/alexp/OneDrive/Desktop/signs_script/img/03_143.jpg,3
C:/Users/alexp/OneDrive/Desktop/signs_script/img/03_144.jpg,3
C:/Users/alexp/OneDrive/Desktop/signs_script/img/03_145.jpg,3
C:/Users/alexp/OneDrive/Desktop/signs_script/img/03_146.jpg,3
C:/Users/alexp/OneDrive/Desktop/signs_script/img/03_147.jpg,3
C:/Users/alexp/OneDrive/Desktop/signs_script/img/03_148.jpg,3
C:/Users/alexp/OneDrive/Desktop/signs_script/img/03_149.jpg,3
C:/Users/alexp/OneDrive/Desktop/signs_script/img/03_150.jpg,3
C:/Users/alexp/OneDrive/Desktop/signs_script/img/03_151.jpg,3
C:/Users/alexp/OneDrive/Desktop/signs_script/img/03_152.jpg,3
C:/Users/alexp/OneDrive/Desktop/signs_script/img/03_153.jpg,3
C:/Users/alexp/OneDrive/Desktop/signs_script/img/03_154.jpg,3
C:/Users/alexp/OneDrive/Desktop/signs_script/img/03_155.jpg,3
C:/Users/alexp/OneDrive/Desktop/signs_script/img/03_156.jpg,3
C:/Users/alexp/OneDrive/Desktop/signs_script/img/03_157.jpg,3
C:/Users/alexp/OneDrive/Desktop/signs_script/img/03_158.jpg,3
C:/Users/alexp/OneDrive/Desktop/signs_script/img/03_159.jpg,3
C:/Users/alexp/OneDrive/Desktop/signs_script/img/03_160.jpg,3
C:/Users/alexp/OneDrive/Desktop/signs_script/img/03_161.jpg,3
C:/Users/alexp/OneDrive/Desktop/signs_script/img/03_162.jpg,3
C:/Users/alexp/OneDrive/Desktop/signs_script/img/03_163.jpg,3
C:/Users/alexp/OneDrive/Desktop/signs_script/img/03_164.jpg,3
C:/Users/alexp/OneDrive/Desktop/signs_script/img/03_165.jpg,3
C:/Users/alexp/OneDrive/Desktop/signs_script/img/03_166.jpg,3
C:/Users/alexp/OneDrive/Desktop/signs_script/img/03_167.jpg,3
C:/Users/alexp/OneDrive/Desktop/signs_script/img/03_168.jpg,3
C:/Users/alexp/OneDrive/Desktop/signs_script/img/03_169.jpg,3
C:/Users/alexp/OneDrive/Desktop/signs_script/img/03_170.jpg,3
C:/Users/alexp/OneDrive/Desktop/signs_script/img/03_171.jpg,3
C:/Users/alexp/OneDrive/Desktop/signs_script/img/03_172.jpg,3
C:/Users/alexp/OneDrive/Desktop/signs_script/img/03_173.jpg,3
C:/Users/alexp/OneDrive/Desktop/signs_script/img/03_174.jpg,3
C:/Users/alexp/OneDrive/Desktop/signs_script/img/03_175.jpg,3
C:/Users/alexp/OneDrive/Desktop/signs_script/img/03_176.jpg,3
C:/Users/alexp/OneDrive/Desktop/signs_script/img/03_177.jpg,3
C:/Users/alexp/OneDrive/Desktop/signs_script/img/03_178.jpg,3
C:/Users/alexp/OneDrive/Desktop/signs_script/img/03_179.jpg,3
C:/Users/alexp/OneDrive/Desktop/signs_script/img/03_180.jpg,3
C:/Users/alexp/OneDrive/Desktop/signs_script/img/03_181.jpg,3
C:/Users/alexp/OneDrive/Desktop/signs_script/img/03_182.jpg,3
C:/Users/alexp/OneDrive/Desktop/signs_script/img/03_183.jpg,3
C:/Users/alexp/OneDrive/Desktop/signs_script/img/03_184.jpg,3
C:/Users/alexp/OneDrive/Desktop/signs_script/img/03_185.jpg,3
C:/Users/alexp/OneDrive/Desktop/signs_script/img/03_186.jpg,3
C:/Users/alexp/OneDrive/Desktop/signs_script/img/03_187.jpg,3
C:/Users/alexp/OneDrive/Desktop/signs_script/img/03_188.jpg,3
C:/Users/alexp/OneDrive/Desktop/signs_script/img/03_189.jpg,3
C:/Users/alexp/OneDrive/Desktop/signs_script/img/03_190.jpg,3
C:/Users/alexp/OneDrive/Desktop/signs_script/img/03_191.jpg,3
C:/Users/alexp/OneDrive/Desktop/signs_script/img/03_192.jpg,3
C:/Users/alexp/OneDrive/Desktop/signs_script/img/03_193.jpg,3
C:/Users/alexp/OneDrive/Desktop/signs_script/img/03_194.jpg,3
C:/Users/alexp/OneDrive/Desktop/signs_script/img/03_195.jpg,3
C:/Users/alexp/OneDrive/Desktop/signs_script/img/03_196.jpg,3
C:/Users/alexp/OneDrive/Desktop/signs_script/img/03_197.jpg,3
C:/Users/alexp/OneDrive/Desktop/signs_script/img/03_198.jpg,3
C:/Users/alexp/OneDrive/Desktop/signs_script/img/03_199.jpg,3
C:/Users/alexp/OneDrive/Desktop/signs_script/img/03_200.jpg,3
C:/Users/alexp/OneDrive/Desktop/signs_script/img/03_201.jpg,3
C:/Users/alexp/OneDrive/Desktop/signs_script/img/03_202.jpg,3
C:/Users/alexp/OneDrive/Desktop/signs_script/img/03_203.jpg,3
C:/Users/alexp/OneDrive/Desktop/signs_script/img/03_204.jpg,3
C:/Users/alexp/OneDrive/Desktop/signs_script/img/03_205.jpg,3
C:/Users/alexp/OneDrive/Desktop/signs_script/img/03_206.jpg,3
C:/Users/alexp/OneDrive/Desktop/signs_script/img/03_207.jpg,3
C:/Users/alexp/OneDrive/Desktop/signs_script/img/03_208.jpg,3
C:/Users/alexp/OneDrive/Desktop/signs_script/img/03_209.jpg,3
C:/Users/alexp/OneDrive/Desktop/signs_script/img/03_210.jpg,3
C:/Users/alexp/OneDrive/Desktop/signs_script/img/03_211.jpg,3
C:/Users/alexp/OneDrive/Desktop/signs_script/img/03_212.jpg,3
C:/Users/alexp/OneDrive/Desktop/signs_script/img/03_213.jpg,3
C:/Users/alexp/OneDrive/Desktop/signs_script/img/03_214.jpg,3
C:/Users/alexp/OneDrive/Desktop/signs_script/img/03_215.jpg,3
C:/Users/alexp/OneDrive/Desktop/signs_script/img/03_216.jpg,3
C:/Users/alexp/OneDrive/Desktop/signs_script/img/03_217.jpg,3
C:/Users/alexp/OneDrive/Desktop/signs_script/img/03_218.jpg,3
C:/Users/alexp/OneDrive/Desktop/signs_script/img/03_219.jpg,3
C:/Users/alexp/OneDrive/Desktop/signs_script/img/03_220.jpg,3
C:/Users/alexp/OneDrive/Desktop/signs_script/img/03_221.jpg,3
C:/Users/alexp/OneDrive/Desktop/signs_script/img/03_222.jpg,3
C:/Users/alexp/OneDrive/Desktop/signs_script/img/03_223.jpg,3
C:/Users/alexp/OneDrive/Desktop/signs_script/img/03_224.jpg,3
C:/Users/alexp/OneDrive/Desktop/signs_script/img/03_225.jpg,3
C:/Users/alexp/OneDrive/Desktop/signs_script/img/03_226.jpg,3
C:/Users/alexp/OneDrive/Desktop/signs_script/img/03_227.jpg,3
C:/Users/alexp/OneDrive/Desktop/signs_script/img/03_228.jpg,3
C:/Users/alexp/OneDrive/Desktop/signs_script/img/03_229.jpg,3
C:/Users/alexp/OneDrive/Desktop/signs_script/img/03_230.jpg,3
C:/Users/alexp/OneDrive/Desktop/signs_script/img/03_231.jpg,3
C:/Users/alexp/OneDrive/Desktop/signs_script/img/03_232.jpg,3
C:/Users/alexp/OneDrive/Desktop/signs_script/img/03_233.jpg,3
C:/Users/alexp/OneDrive/Desktop/signs_script/img/03_234.jpg,3
C:/Users/alexp/OneDrive/Desktop/signs_script/img/03_235.jpg,3
C:/Users/alexp/OneDrive/Desktop/signs_script/img/03_236.jpg,3
C:/Users/alexp/OneDrive/Desktop/signs_script/img/03_237.jpg,3
C:/Users/alexp/OneDrive/Desktop/signs_script/img/03_238.jpg,3
C:/Users/alexp/OneDrive/Desktop/signs_script/img/03_239.jpg,3
C:/Users/alexp/OneDrive/Desktop/signs_script/img/03_240.jpg,3
C:/Users/alexp/OneDrive/Desktop/signs_script/img/03_241.jpg,3
C:/Users/alexp/OneDrive/Desktop/signs_script/img/03_242.jpg,3
C:/Users/alexp/OneDrive/Desktop/signs_script/img/03_243.jpg,3
C:/Users/alexp/OneDrive/Desktop/signs_script/img/03_244.jpg,3
C:/Users/alexp/OneDrive/Desktop/signs_script/img/03_245.jpg,3
C:/Users/alexp/OneDrive/Desktop/signs_script/img/03_246.jpg,3
C:/Users/alexp/OneDrive/Desktop/signs_script/img/03_247.jpg,3
C:/Users/alexp/OneDrive/Desktop/signs_script/img/03_248.jpg,3
C:/Users/alexp/OneDrive/Desktop/signs_script/img/03_249.jpg,3
C:/Users/alexp/OneDrive/Desktop/signs_script/img/03_250.jpg,3
C:/Users/alexp/OneDrive/Desktop/signs_script/img/03_251.jpg,3
C:/Users/alexp/OneDrive/Desktop/signs_script/img/03_252.jpg,3
C:/Users/alexp/OneDrive/Desktop/signs_script/img/03_253.jpg,3
C:/Users/alexp/OneDrive/Desktop/signs_script/img/03_254.jpg,3
C:/Users/alexp/OneDrive/Desktop/signs_script/img/03_255.jpg,3
C:/Users/alexp/OneDrive/Desktop/signs_script/img/03_256.jpg,3
C:/Users/alexp/OneDrive/Desktop/signs_script/img/03_257.jpg,3
C:/Users/alexp/OneDrive/Desktop/signs_script/img/03_258.jpg,3
C:/Users/alexp/OneDrive/Desktop/signs_script/img/03_259.jpg,3
C:/Users/alexp/OneDrive/Desktop/signs_script/img/03_260.jpg,3
C:/Users/alexp/OneDrive/Desktop/signs_script/img/03_261.jpg,3
C:/Users/alexp/OneDrive/Desktop/signs_script/img/03_262.jpg,3
C:/Users/alexp/OneDrive/Desktop/signs_script/img/03_263.jpg,3
C:/Users/alexp/OneDrive/Desktop/signs_script/img/03_264.jpg,3
C:/Users/alexp/OneDrive/Desktop/signs_script/img/03_265.jpg,3
C:/Users/alexp/OneDrive/Desktop/signs_script/img/03_266.jpg,3
C:/Users/alexp/OneDrive/Desktop/signs_script/img/03_267.jpg,3
C:/Users/alexp/OneDrive/Desktop/signs_script/img/03_268.jpg,3
C:/Users/alexp/OneDrive/Desktop/signs_script/img/03_269.jpg,3
C:/Users/alexp/OneDrive/Desktop/signs_script/img/03_270.jpg,3
C:/Users/alexp/OneDrive/Desktop/signs_script/img/03_271.jpg,3
C:/Users/alexp/OneDrive/Desktop/signs_script/img/03_272.jpg,3
C:/Users/alexp/OneDrive/Desktop/signs_script/img/03_273.jpg,3
C:/Users/alexp/OneDrive/Desktop/signs_script/img/03_274.jpg,3
C:/Users/alexp/OneDrive/Desktop/signs_script/img/03_275.jpg,3
C:/Users/alexp/OneDrive/Desktop/signs_script/img/03_276.jpg,3
C:/Users/alexp/OneDrive/Desktop/signs_script/img/03_277.jpg,3
C:/Users/alexp/OneDrive/Desktop/signs_script/img/03_278.jpg,3
C:/Users/alexp/OneDrive/Desktop/signs_script/img/03_279.jpg,3
C:/Users/alexp/OneDrive/Desktop/signs_script/img/03_280.jpg,3
C:/Users/alexp/OneDrive/Desktop/signs_script/img/03_281.jpg,3
C:/Users/alexp/OneDrive/Desktop/signs_script/img/03_282.jpg,3
C:/Users/alexp/OneDrive/Desktop/signs_script/img/03_283.jpg,3
C:/Users/alexp/OneDrive/Desktop/signs_script/img/03_284.jpg,3
C:/Users/alexp/OneDrive/Desktop/signs_script/img/03_285.jpg,3
C:/Users/alexp/OneDrive/Desktop/signs_script/img/03_286.jpg,3
C:/Users/alexp/OneDrive/Desktop/signs_script/img/03_287.jpg,3
C:/Users/alexp/OneDrive/Desktop/signs_script/img/03_288.jpg,3
C:/Users/alexp/OneDrive/Desktop/signs_script/img/03_289.jpg,3
C:/Users/alexp/OneDrive/Desktop/signs_script/img/03_290.jpg,3
C:/Users/alexp/OneDrive/Desktop/signs_script/img/03_291.jpg,3
C:/Users/alexp/OneDrive/Desktop/signs_script/img/03_292.jpg,3
C:/Users/alexp/OneDrive/Desktop/signs_script/img/03_293.jpg,3
C:/Users/alexp/OneDrive/Desktop/signs_script/img/03_294.jpg,3
C:/Users/alexp/OneDrive/Desktop/signs_script/img/03_295.jpg,3
C:/Users/alexp/OneDrive/Desktop/signs_script/img/03_296.jpg,3
C:/Users/alexp/OneDrive/Desktop/signs_script/img/03_297.jpg,3
C:/Users/alexp/OneDrive/Desktop/signs_script/img/03_298.jpg,3
C:/Users/alexp/OneDrive/Desktop/signs_script/img/03_299.jpg,3
C:/Users/alexp/OneDrive/Desktop/signs_script/img/03_300.jpg,3
C:/Users/alexp/OneDrive/Desktop/signs_script/img/03_301.jpg,3
C:/Users/alexp/OneDrive/Desktop/signs_script/img/03_302.jpg,3
C:/Users/alexp/OneDrive/Desktop/signs_script/img/03_303.jpg,3
C:/Users/alexp/OneDrive/Desktop/signs_script/img/03_304.jpg,3
C:/Users/alexp/OneDrive/Desktop/signs_script/img/03_305.jpg,3
C:/Users/alexp/OneDrive/Desktop/signs_script/img/03_306.jpg,3
C:/Users/alexp/OneDrive/Desktop/signs_script/img/03_307.jpg,3
C:/Users/alexp/OneDrive/Desktop/signs_script/img/03_308.jpg,3
C:/Users/alexp/OneDrive/Desktop/signs_script/img/03_309.jpg,3
C:/Users/alexp/OneDrive/Desktop/signs_script/img/03_310.jpg,3
C:/Users/alexp/OneDrive/Desktop/signs_script/img/03_311.jpg,3
C:/Users/alexp/OneDrive/Desktop/signs_script/img/03_312.jpg,3
C:/Users/alexp/OneDrive/Desktop/signs_script/img/03_313.jpg,3
C:/Users/alexp/OneDrive/Desktop/signs_script/img/03_314.jpg,3
C:/Users/alexp/OneDrive/Desktop/signs_script/img/03_315.jpg,3
C:/Users/alexp/OneDrive/Desktop/signs_script/img/03_316.jpg,3
C:/Users/alexp/OneDrive/Desktop/signs_script/img/03_317.jpg,3
C:/Users/alexp/OneDrive/Desktop/signs_script/img/03_318.jpg,3
C:/Users/alexp/OneDrive/Desktop/signs_script/img/03_319.jpg,3
C:/Users/alexp/OneDrive/Desktop/signs_script/img/03_320.jpg,3
C:/Users/alexp/OneDrive/Desktop/signs_script/img/03_321.jpg,3
C:/Users/alexp/OneDrive/Desktop/signs_script/img/03_322.jpg,3
C:/Users/alexp/OneDrive/Desktop/signs_script/img/03_323.jpg,3
C:/Users/alexp/OneDrive/Desktop/signs_script/img/03_324.jpg,3
C:/Users/alexp/OneDrive/Desktop/signs_script/img/03_325.jpg,3
C:/Users/alexp/OneDrive/Desktop/signs_script/img/03_326.jpg,3
C:/Users/alexp/OneDrive/Desktop/signs_script/img/03_327.jpg,3
C:/Users/alexp/OneDrive/Desktop/signs_script/img/03_328.jpg,3
C:/Users/alexp/OneDrive/Desktop/signs_script/img/03_329.jpg,3
C:/Users/alexp/OneDrive/Desktop/signs_script/img/03_330.jpg,3
C:/Users/alexp/OneDrive/Desktop/signs_script/img/03_331.jpg,3
C:/Users/alexp/OneDrive/Desktop/signs_script/img/03_332.jpg,3
C:/Users/alexp/OneDrive/Desktop/signs_script/img/03_333.jpg,3
C:/Users/alexp/OneDrive/Desktop/signs_script/img/03_334.jpg,3
C:/Users/alexp/OneDrive/Desktop/signs_script/img/03_335.jpg,3
C:/Users/alexp/OneDrive/Desktop/signs_script/img/03_336.jpg,3
C:/Users/alexp/OneDrive/Desktop/signs_script/img/03_337.jpg,3
C:/Users/alexp/OneDrive/Desktop/signs_script/img/03_338.jpg,3
C:/Users/alexp/OneDrive/Desktop/signs_script/img/03_339.jpg,3
C:/Users/alexp/OneDrive/Desktop/signs_script/img/03_340.jpg,3
C:/Users/alexp/OneDrive/Desktop/signs_script/img/03_341.jpg,3
C:/Users/alexp/OneDrive/Desktop/signs_script/img/03_342.jpg,3
C:/Users/alexp/OneDrive/Desktop/signs_script/img/03_343.jpg,3
C:/Users/alexp/OneDrive/Desktop/signs_script/img/03_344.jpg,3
C:/Users/alexp/OneDrive/Desktop/signs_script/img/03_345.jpg,3
C:/Users/alexp/OneDrive/Desktop/signs_script/img/03_346.jpg,3
C:/Users/alexp/OneDrive/Desktop/signs_script/img/03_347.jpg,3
C:/Users/alexp/OneDrive/Desktop/signs_script/img/03_348.jpg,3
C:/Users/alexp/OneDrive/Desktop/signs_script/img/03_349.jpg,3
C:/Users/alexp/OneDrive/Desktop/signs_script/img/03_350.jpg,3
C:/Users/alexp/OneDrive/Desktop/signs_script/img/03_351.jpg,3
C:/Users/alexp/OneDrive/Desktop/signs_script/img/03_352.jpg,3
C:/Users/alexp/OneDrive/Desktop/signs_script/img/03_353.jpg,3
C:/Users/alexp/OneDrive/Desktop/signs_script/img/03_354.jpg,3
C:/Users/alexp/OneDrive/Desktop/signs_script/img/03_355.jpg,3
C:/Users/alexp/OneDrive/Desktop/signs_script/img/03_356.jpg,3
C:/Users/alexp/OneDrive/Desktop/signs_script/img/03_357.jpg,3
C:/Users/alexp/OneDrive/Desktop/signs_script/img/03_358.jpg,3
C:/Users/alexp/OneDrive/Desktop/signs_script/img/03_359.jpg,3
C:/Users/alexp/OneDrive/Desktop/signs_script/img/03_360.jpg,3
C:/Users/alexp/OneDrive/Desktop/signs_script/img/03_361.jpg,3
C:/Users/alexp/OneDrive/Desktop/signs_script/img/03_362.jpg,3
C:/Users/alexp/OneDrive/Desktop/signs_script/img/03_363.jpg,3
C:/Users/alexp/OneDrive/Desktop/signs_script/img/03_364.jpg,3
C:/Users/alexp/OneDrive/Desktop/signs_script/img/03_365.jpg,3
C:/Users/alexp/OneDrive/Desktop/signs_script/img/03_366.jpg,3
C:/Users/alexp/OneDrive/Desktop/signs_script/img/03_367.jpg,3
C:/Users/alexp/OneDrive/Desktop/signs_script/img/03_368.jpg,3
C:/Users/alexp/OneDrive/Desktop/signs_script/img/03_369.jpg,3
C:/Users/alexp/OneDrive/Desktop/signs_script/img/03_370.jpg,3
C:/Users/alexp/OneDrive/Desktop/signs_script/img/03_371.jpg,3
C:/Users/alexp/OneDrive/Desktop/signs_script/img/03_372.jpg,3
C:/Users/alexp/OneDrive/Desktop/signs_script/img/03_373.jpg,3
C:/Users/alexp/OneDrive/Desktop/signs_script/img/03_374.jpg,3
C:/Users/alexp/OneDrive/Desktop/signs_script/img/03_375.jpg,3
C:/Users/alexp/OneDrive/Desktop/signs_script/img/04_000.jpg,4
C:/Users/alexp/OneDrive/Desktop/signs_script/img/04_001.jpg,4
C:/Users/alexp/OneDrive/Desktop/signs_script/img/04_002.jpg,4
C:/Users/alexp/OneDrive/Desktop/signs_script/img/04_003.jpg,4
C:/Users/alexp/OneDrive/Desktop/signs_script/img/04_004.jpg,4
C:/Users/alexp/OneDrive/Desktop/signs_script/img/04_005.jpg,4
C:/Users/alexp/OneDrive/Desktop/signs_script/img/04_006.jpg,4
C:/Users/alexp/OneDrive/Desktop/signs_script/img/04_007.jpg,4
C:/Users/alexp/OneDrive/Desktop/signs_script/img/04_008.jpg,4
C:/Users/alexp/OneDrive/Desktop/signs_script/img/04_009.jpg,4
C:/Users/alexp/OneDrive/Desktop/signs_script/img/04_010.jpg,4
C:/Users/alexp/OneDrive/Desktop/signs_script/img/04_011.jpg,4
C:/Users/alexp/OneDrive/Desktop/signs_script/img/04_012.jpg,4
C:/Users/alexp/OneDrive/Desktop/signs_script/img/04_013.jpg,4
C:/Users/alexp/OneDrive/Desktop/signs_script/img/04_014.jpg,4
C:/Users/alexp/OneDrive/Desktop/signs_script/img/04_015.jpg,4
